model,RMSE,MAE,MBE,MedAE,P90AE,nRMSE,R2,MAPE,corr_spatial_mean,skill_RMSE_vs_CSI
extra_trees_residual_csi,42.55165231806491,23.73772114954057,-2.567756590758974,9.578239440917969,65.1356201171875,0.1282304386789254,0.9389230458979725,10.76293537490242,0.9966442429040452,0.06765199301692393
hist_gb_residual_csi,42.73492009685439,24.18106105210333,-2.4869684913381542,10.412017822265625,65.57378387451172,0.1287827205854945,0.9383958023300836,11.110652355723664,0.9963904979201619,0.059603548281210506
random_forest_residual_csi,42.74856313434367,24.00701576593268,-2.0864472521801405,10.121776580810547,65.47080993652344,0.1288238342106268,0.938356462018445,11.009312132964153,0.9963026567699107,0.05900301307624545
ridge_residual_csi,42.95543330488625,25.222888256493565,-0.9306215144927072,12.2044677734375,66.02019119262695,0.12944724249851122,0.9377584038045215,11.979181867623751,0.995852256960042,0.049873573142485195
persistence_csi,44.06841244063742,24.73633179101297,-3.73654555342917,9.424938201904297,68.01052665710449,0.13280123218030024,0.9344912482846958,10.857473124587912,0.9941943424065789,5.149214388211476e-12
advective_csi,49.57255079258011,27.82019287846289,-3.4321551099588126,10.741378784179688,76.49620056152344,0.14938808690790079,0.917105246200963,12.262211550875595,0.9944246480477638,-0.2653996852033458
persistence_raw,83.51591953760904,65.7602166417646,0.34524519014511096,50.57000732421875,144.64999389648438,0.25167725377458294,0.7647210639661453,29.931431597830553,0.8939650240441225,-2.5915649416607205
mean_image,282.06512427611466,241.7549357544806,223.34954130572396,232.4322509765625,445.5680236816406,0.8500101089281658,-1.6837576543519495,161.7446191364849,0.01912189143938091,-39.967925415546404
